Date,Time,No,PAR,Sample,Sample_number,Sample_ID,Taxon,Group,ETR
16.04.26,14:50:40,1,0.0,ETR1,1,Light_1,Jania,Light,0.0
16.04.26,14:50:40,1,0.0,ETR2,2,Light_2,Halopteris,Light,0.0
16.04.26,14:50:40,1,0.0,ETR3,3,Light_3,Namaliun,Light,0.0
16.04.26,14:50:40,1,0.0,ETR4,4,Light_4,Sargassum,Light,0.0
16.04.26,14:50:40,1,0.0,ETR5,5,Light_5,Hypnea,Light,0.0
16.04.26,14:50:40,1,0.0,ETR6,6,Light_6,Cudiom,Light,0.0
16.04.26,14:50:40,1,0.0,ETR7,7,Light_7,Padina,Light,0.0
16.04.26,14:50:40,1,0.0,ETR8,8,Light_8,Cistosera,Light,0.0
16.04.26,14:50:40,1,0.0,ETR9,9,Light_9,Ulva,Light,0.0
16.04.26,14:50:40,1,0.0,ETR10,10,Light_10,Galaxaura,Light,0.0
16.04.26,14:50:40,1,0.0,ETR11,11,Light_11,Dictyota,Light,0.0
16.04.26,14:50:40,1,0.0,ETR12,12,Light_12,Colpomenia,Light,0.0
16.04.26,14:50:40,1,0.0,ETR13,13,Light_13,Ulva,Light,0.0
16.04.26,14:52:27,2,1.0,ETR1,1,Light_1,Jania,Light,0.2
16.04.26,14:52:27,2,1.0,ETR2,2,Light_2,Halopteris,Light,0.2
16.04.26,14:52:27,2,1.0,ETR3,3,Light_3,Namaliun,Light,0.1
16.04.26,14:52:27,2,1.0,ETR4,4,Light_4,Sargassum,Light,0.3
16.04.26,14:52:27,2,1.0,ETR5,5,Light_5,Hypnea,Light,0.2
16.04.26,14:52:27,2,1.0,ETR6,6,Light_6,Cudiom,Light,0.2
16.04.26,14:52:27,2,1.0,ETR7,7,Light_7,Padina,Light,0.3
16.04.26,14:52:27,2,1.0,ETR8,8,Light_8,Cistosera,Light,0.2
16.04.26,14:52:27,2,1.0,ETR9,9,Light_9,Ulva,Light,
16.04.26,14:52:27,2,1.0,ETR10,10,Light_10,Galaxaura,Light,0.2
16.04.26,14:52:27,2,1.0,ETR11,11,Light_11,Dictyota,Light,0.2
16.04.26,14:52:27,2,1.0,ETR12,12,Light_12,Colpomenia,Light,0.2
16.04.26,14:52:27,2,1.0,ETR13,13,Light_13,Ulva,Light,0.2
16.04.26,14:54:19,3,11.0,ETR1,1,Light_1,Jania,Light,1.7
16.04.26,14:54:19,3,11.0,ETR2,2,Light_2,Halopteris,Light,1.5
16.04.26,14:54:19,3,11.0,ETR3,3,Light_3,Namaliun,Light,0.6
16.04.26,14:54:19,3,11.0,ETR4,4,Light_4,Sargassum,Light,2.4
16.04.26,14:54:19,3,11.0,ETR5,5,Light_5,Hypnea,Light,2.0
16.04.26,14:54:19,3,11.0,ETR6,6,Light_6,Cudiom,Light,1.4
16.04.26,14:54:19,3,11.0,ETR7,7,Light_7,Padina,Light,2.6
16.04.26,14:54:19,3,11.0,ETR8,8,Light_8,Cistosera,Light,1.8
16.04.26,14:54:19,3,11.0,ETR9,9,Light_9,Ulva,Light,
16.04.26,14:54:19,3,11.0,ETR10,10,Light_10,Galaxaura,Light,1.6
16.04.26,14:54:19,3,11.0,ETR11,11,Light_11,Dictyota,Light,1.6
16.04.26,14:54:19,3,11.0,ETR12,12,Light_12,Colpomenia,Light,1.7
16.04.26,14:54:19,3,11.0,ETR13,13,Light_13,Ulva,Light,1.3
16.04.26,14:55:59,4,21.0,ETR1,1,Light_1,Jania,Light,3.2
16.04.26,14:55:59,4,21.0,ETR2,2,Light_2,Halopteris,Light,2.3
16.04.26,14:55:59,4,21.0,ETR3,3,Light_3,Namaliun,Light,1.2
16.04.26,14:55:59,4,21.0,ETR4,4,Light_4,Sargassum,Light,4.3
16.04.26,14:55:59,4,21.0,ETR5,5,Light_5,Hypnea,Light,3.5
16.04.26,14:55:59,4,21.0,ETR6,6,Light_6,Cudiom,Light,2.3
16.04.26,14:55:59,4,21.0,ETR7,7,Light_7,Padina,Light,4.8
16.04.26,14:55:59,4,21.0,ETR8,8,Light_8,Cistosera,Light,3.1
16.04.26,14:55:59,4,21.0,ETR9,9,Light_9,Ulva,Light,3.4
16.04.26,14:55:59,4,21.0,ETR10,10,Light_10,Galaxaura,Light,2.8
16.04.26,14:55:59,4,21.0,ETR11,11,Light_11,Dictyota,Light,3.0
16.04.26,14:55:59,4,21.0,ETR12,12,Light_12,Colpomenia,Light,2.9
16.04.26,14:55:59,4,21.0,ETR13,13,Light_13,Ulva,Light,2.2
16.04.26,14:57:41,5,36.0,ETR1,1,Light_1,Jania,Light,5.1
16.04.26,14:57:41,5,36.0,ETR2,2,Light_2,Halopteris,Light,3.3
16.04.26,14:57:41,5,36.0,ETR3,3,Light_3,Namaliun,Light,2.0
16.04.26,14:57:41,5,36.0,ETR4,4,Light_4,Sargassum,Light,6.8
16.04.26,14:57:41,5,36.0,ETR5,5,Light_5,Hypnea,Light,5.5
16.04.26,14:57:41,5,36.0,ETR6,6,Light_6,Cudiom,Light,3.7
16.04.26,14:57:41,5,36.0,ETR7,7,Light_7,Padina,Light,7.6
16.04.26,14:57:41,5,36.0,ETR8,8,Light_8,Cistosera,Light,4.6
16.04.26,14:57:41,5,36.0,ETR9,9,Light_9,Ulva,Light,5.2
16.04.26,14:57:41,5,36.0,ETR10,10,Light_10,Galaxaura,Light,3.9
16.04.26,14:57:41,5,36.0,ETR11,11,Light_11,Dictyota,Light,4.8
16.04.26,14:57:41,5,36.0,ETR12,12,Light_12,Colpomenia,Light,4.5
16.04.26,14:57:41,5,36.0,ETR13,13,Light_13,Ulva,Light,3.6
16.04.26,14:59:21,6,56.0,ETR1,1,Light_1,Jania,Light,7.7
16.04.26,14:59:21,6,56.0,ETR2,2,Light_2,Halopteris,Light,4.4
16.04.26,14:59:21,6,56.0,ETR3,3,Light_3,Namaliun,Light,2.6
16.04.26,14:59:21,6,56.0,ETR4,4,Light_4,Sargassum,Light,9.5
16.04.26,14:59:21,6,56.0,ETR5,5,Light_5,Hypnea,Light,8.0
16.04.26,14:59:21,6,56.0,ETR6,6,Light_6,Cudiom,Light,5.4
16.04.26,14:59:21,6,56.0,ETR7,7,Light_7,Padina,Light,11.2
16.04.26,14:59:21,6,56.0,ETR8,8,Light_8,Cistosera,Light,6.5
16.04.26,14:59:21,6,56.0,ETR9,9,Light_9,Ulva,Light,7.2
16.04.26,14:59:21,6,56.0,ETR10,10,Light_10,Galaxaura,Light,5.0
16.04.26,14:59:21,6,56.0,ETR11,11,Light_11,Dictyota,Light,7.3
16.04.26,14:59:21,6,56.0,ETR12,12,Light_12,Colpomenia,Light,6.3
16.04.26,14:59:21,6,56.0,ETR13,13,Light_13,Ulva,Light,5.3
16.04.26,15:01:03,7,81.0,ETR1,1,Light_1,Jania,Light,10.5
16.04.26,15:01:03,7,81.0,ETR2,2,Light_2,Halopteris,Light,5.7
16.04.26,15:01:03,7,81.0,ETR3,3,Light_3,Namaliun,Light,3.9
16.04.26,15:01:03,7,81.0,ETR4,4,Light_4,Sargassum,Light,12.6
16.04.26,15:01:03,7,81.0,ETR5,5,Light_5,Hypnea,Light,11.0
16.04.26,15:01:03,7,81.0,ETR6,6,Light_6,Cudiom,Light,7.2
16.04.26,15:01:03,7,81.0,ETR7,7,Light_7,Padina,Light,15.2
16.04.26,15:01:03,7,81.0,ETR8,8,Light_8,Cistosera,Light,8.5
16.04.26,15:01:03,7,81.0,ETR9,9,Light_9,Ulva,Light,9.2
16.04.26,15:01:03,7,81.0,ETR10,10,Light_10,Galaxaura,Light,6.0
16.04.26,15:01:03,7,81.0,ETR11,11,Light_11,Dictyota,Light,10.3
16.04.26,15:01:03,7,81.0,ETR12,12,Light_12,Colpomenia,Light,8.4
16.04.26,15:01:03,7,81.0,ETR13,13,Light_13,Ulva,Light,7.3
16.04.26,15:02:43,8,111.0,ETR1,1,Light_1,Jania,Light,13.1
16.04.26,15:02:43,8,111.0,ETR2,2,Light_2,Halopteris,Light,6.0
16.04.26,15:02:43,8,111.0,ETR3,3,Light_3,Namaliun,Light,
16.04.26,15:02:43,8,111.0,ETR4,4,Light_4,Sargassum,Light,15.3
16.04.26,15:02:43,8,111.0,ETR5,5,Light_5,Hypnea,Light,13.9
16.04.26,15:02:43,8,111.0,ETR6,6,Light_6,Cudiom,Light,8.1
16.04.26,15:02:43,8,111.0,ETR7,7,Light_7,Padina,Light,19.2
16.04.26,15:02:43,8,111.0,ETR8,8,Light_8,Cistosera,Light,10.5
16.04.26,15:02:43,8,111.0,ETR9,9,Light_9,Ulva,Light,11.2
16.04.26,15:02:43,8,111.0,ETR10,10,Light_10,Galaxaura,Light,7.3
16.04.26,15:02:43,8,111.0,ETR11,11,Light_11,Dictyota,Light,13.7
16.04.26,15:02:43,8,111.0,ETR12,12,Light_12,Colpomenia,Light,10.5
16.04.26,15:02:43,8,111.0,ETR13,13,Light_13,Ulva,Light,9.4
16.04.26,15:04:24,9,146.0,ETR1,1,Light_1,Jania,Light,16.1
16.04.26,15:04:24,9,146.0,ETR2,2,Light_2,Halopteris,Light,6.4
16.04.26,15:04:24,9,146.0,ETR3,3,Light_3,Namaliun,Light,
16.04.26,15:04:24,9,146.0,ETR4,4,Light_4,Sargassum,Light,18.0
16.04.26,15:04:24,9,146.0,ETR5,5,Light_5,Hypnea,Light,16.6
16.04.26,15:04:24,9,146.0,ETR6,6,Light_6,Cudiom,Light,9.5
16.04.26,15:04:24,9,146.0,ETR7,7,Light_7,Padina,Light,23.4
16.04.26,15:04:24,9,146.0,ETR8,8,Light_8,Cistosera,Light,12.2
16.04.26,15:04:24,9,146.0,ETR9,9,Light_9,Ulva,Light,12.4
16.04.26,15:04:24,9,146.0,ETR10,10,Light_10,Galaxaura,Light,7.9
16.04.26,15:04:24,9,146.0,ETR11,11,Light_11,Dictyota,Light,16.8
16.04.26,15:04:24,9,146.0,ETR12,12,Light_12,Colpomenia,Light,12.0
16.04.26,15:04:24,9,146.0,ETR13,13,Light_13,Ulva,Light,10.9
16.04.26,15:06:05,10,186.0,ETR1,1,Light_1,Jania,Light,18.9
16.04.26,15:06:05,10,186.0,ETR2,2,Light_2,Halopteris,Light,6.5
16.04.26,15:06:05,10,186.0,ETR3,3,Light_3,Namaliun,Light,
16.04.26,15:06:05,10,186.0,ETR4,4,Light_4,Sargassum,Light,20.6
16.04.26,15:06:05,10,186.0,ETR5,5,Light_5,Hypnea,Light,18.7
16.04.26,15:06:05,10,186.0,ETR6,6,Light_6,Cudiom,Light,8.9
16.04.26,15:06:05,10,186.0,ETR7,7,Light_7,Padina,Light,27.6
16.04.26,15:06:05,10,186.0,ETR8,8,Light_8,Cistosera,Light,12.7
16.04.26,15:06:05,10,186.0,ETR9,9,Light_9,Ulva,Light,13.8
16.04.26,15:06:05,10,186.0,ETR10,10,Light_10,Galaxaura,Light,8.0
16.04.26,15:06:05,10,186.0,ETR11,11,Light_11,Dictyota,Light,19.5
16.04.26,15:06:05,10,186.0,ETR12,12,Light_12,Colpomenia,Light,14.0
16.04.26,15:06:05,10,186.0,ETR13,13,Light_13,Ulva,Light,12.7
16.04.26,15:07:46,11,231.0,ETR1,1,Light_1,Jania,Light,20.7
16.04.26,15:07:46,11,231.0,ETR2,2,Light_2,Halopteris,Light,5.6
16.04.26,15:07:46,11,231.0,ETR3,3,Light_3,Namaliun,Light,
16.04.26,15:07:46,11,231.0,ETR4,4,Light_4,Sargassum,Light,22.3
16.04.26,15:07:46,11,231.0,ETR5,5,Light_5,Hypnea,Light,19.8
16.04.26,15:07:46,11,231.0,ETR6,6,Light_6,Cudiom,Light,7.7
16.04.26,15:07:46,11,231.0,ETR7,7,Light_7,Padina,Light,31.0
16.04.26,15:07:46,11,231.0,ETR8,8,Light_8,Cistosera,Light,12.9
16.04.26,15:07:46,11,231.0,ETR9,9,Light_9,Ulva,Light,14.5
16.04.26,15:07:46,11,231.0,ETR10,10,Light_10,Galaxaura,Light,6.8
16.04.26,15:07:46,11,231.0,ETR11,11,Light_11,Dictyota,Light,21.4
16.04.26,15:07:46,11,231.0,ETR12,12,Light_12,Colpomenia,Light,14.7
16.04.26,15:07:46,11,231.0,ETR13,13,Light_13,Ulva,Light,13.6
16.04.26,15:09:26,12,281.0,ETR1,1,Light_1,Jania,Light,25.1
16.04.26,15:09:26,12,281.0,ETR2,2,Light_2,Halopteris,Light,6.9
16.04.26,15:09:26,12,281.0,ETR3,3,Light_3,Namaliun,Light,
16.04.26,15:09:26,12,281.0,ETR4,4,Light_4,Sargassum,Light,25.8
16.04.26,15:09:26,12,281.0,ETR5,5,Light_5,Hypnea,Light,22.7
16.04.26,15:09:26,12,281.0,ETR6,6,Light_6,Cudiom,Light,6.8
16.04.26,15:09:26,12,281.0,ETR7,7,Light_7,Padina,Light,36.0
16.04.26,15:09:26,12,281.0,ETR8,8,Light_8,Cistosera,Light,13.6
16.04.26,15:09:26,12,281.0,ETR9,9,Light_9,Ulva,Light,16.4
16.04.26,15:09:26,12,281.0,ETR10,10,Light_10,Galaxaura,Light,8.8
16.04.26,15:09:26,12,281.0,ETR11,11,Light_11,Dictyota,Light,25.7
16.04.26,15:09:26,12,281.0,ETR12,12,Light_12,Colpomenia,Light,16.5
16.04.26,15:09:26,12,281.0,ETR13,13,Light_13,Ulva,Light,15.9
16.04.26,15:11:07,13,336.0,ETR1,1,Light_1,Jania,Light,27.1
16.04.26,15:11:07,13,336.0,ETR2,2,Light_2,Halopteris,Light,6.1
16.04.26,15:11:07,13,336.0,ETR3,3,Light_3,Namaliun,Light,
16.04.26,15:11:07,13,336.0,ETR4,4,Light_4,Sargassum,Light,27.9
16.04.26,15:11:07,13,336.0,ETR5,5,Light_5,Hypnea,Light,22.7
16.04.26,15:11:07,13,336.0,ETR6,6,Light_6,Cudiom,Light,
16.04.26,15:11:07,13,336.0,ETR7,7,Light_7,Padina,Light,38.9
16.04.26,15:11:07,13,336.0,ETR8,8,Light_8,Cistosera,Light,14.9
16.04.26,15:11:07,13,336.0,ETR9,9,Light_9,Ulva,Light,16.5
16.04.26,15:11:07,13,336.0,ETR10,10,Light_10,Galaxaura,Light,8.6
16.04.26,15:11:07,13,336.0,ETR11,11,Light_11,Dictyota,Light,26.9
16.04.26,15:11:07,13,336.0,ETR12,12,Light_12,Colpomenia,Light,16.3
16.04.26,15:11:07,13,336.0,ETR13,13,Light_13,Ulva,Light,16.2
16.04.26,15:12:48,14,396.0,ETR1,1,Light_1,Jania,Light,28.5
16.04.26,15:12:48,14,396.0,ETR2,2,Light_2,Halopteris,Light,
16.04.26,15:12:48,14,396.0,ETR3,3,Light_3,Namaliun,Light,
16.04.26,15:12:48,14,396.0,ETR4,4,Light_4,Sargassum,Light,28.8
16.04.26,15:12:48,14,396.0,ETR5,5,Light_5,Hypnea,Light,23.5
16.04.26,15:12:48,14,396.0,ETR6,6,Light_6,Cudiom,Light,
16.04.26,15:12:48,14,396.0,ETR7,7,Light_7,Padina,Light,41.0
16.04.26,15:12:48,14,396.0,ETR8,8,Light_8,Cistosera,Light,13.5
16.04.26,15:12:48,14,396.0,ETR9,9,Light_9,Ulva,Light,16.3
16.04.26,15:12:48,14,396.0,ETR10,10,Light_10,Galaxaura,Light,6.6
16.04.26,15:12:48,14,396.0,ETR11,11,Light_11,Dictyota,Light,27.9
16.04.26,15:12:48,14,396.0,ETR12,12,Light_12,Colpomenia,Light,16.8
16.04.26,15:12:48,14,396.0,ETR13,13,Light_13,Ulva,Light,17.3
16.04.26,15:14:29,15,461.0,ETR1,1,Light_1,Jania,Light,29.8
16.04.26,15:14:29,15,461.0,ETR2,2,Light_2,Halopteris,Light,
16.04.26,15:14:29,15,461.0,ETR3,3,Light_3,Namaliun,Light,
16.04.26,15:14:29,15,461.0,ETR4,4,Light_4,Sargassum,Light,29.6
16.04.26,15:14:29,15,461.0,ETR5,5,Light_5,Hypnea,Light,22.1
16.04.26,15:14:29,15,461.0,ETR6,6,Light_6,Cudiom,Light,
16.04.26,15:14:29,15,461.0,ETR7,7,Light_7,Padina,Light,42.4
16.04.26,15:14:29,15,461.0,ETR8,8,Light_8,Cistosera,Light,12.4
16.04.26,15:14:29,15,461.0,ETR9,9,Light_9,Ulva,Light,16.5
16.04.26,15:14:29,15,461.0,ETR10,10,Light_10,Galaxaura,Light,
16.04.26,15:14:29,15,461.0,ETR11,11,Light_11,Dictyota,Light,28.7
16.04.26,15:14:29,15,461.0,ETR12,12,Light_12,Colpomenia,Light,15.4
16.04.26,15:14:29,15,461.0,ETR13,13,Light_13,Ulva,Light,17.1
16.04.26,15:16:15,16,531.0,ETR1,1,Light_1,Jania,Light,28.9
16.04.26,15:16:15,16,531.0,ETR2,2,Light_2,Halopteris,Light,
16.04.26,15:16:15,16,531.0,ETR3,3,Light_3,Namaliun,Light,
16.04.26,15:16:15,16,531.0,ETR4,4,Light_4,Sargassum,Light,26.6
16.04.26,15:16:15,16,531.0,ETR5,5,Light_5,Hypnea,Light,18.9
16.04.26,15:16:15,16,531.0,ETR6,6,Light_6,Cudiom,Light,
16.04.26,15:16:15,16,531.0,ETR7,7,Light_7,Padina,Light,41.4
16.04.26,15:16:15,16,531.0,ETR8,8,Light_8,Cistosera,Light,12.5
16.04.26,15:16:15,16,531.0,ETR9,9,Light_9,Ulva,Light,14.9
16.04.26,15:16:15,16,531.0,ETR10,10,Light_10,Galaxaura,Light,
16.04.26,15:16:15,16,531.0,ETR11,11,Light_11,Dictyota,Light,26.3
16.04.26,15:16:15,16,531.0,ETR12,12,Light_12,Colpomenia,Light,15.1
16.04.26,15:16:15,16,531.0,ETR13,13,Light_13,Ulva,Light,14.9
16.04.26,15:17:56,17,701.0,ETR1,1,Light_1,Jania,Light,30.4
16.04.26,15:17:56,17,701.0,ETR2,2,Light_2,Halopteris,Light,
16.04.26,15:17:56,17,701.0,ETR3,3,Light_3,Namaliun,Light,
16.04.26,15:17:56,17,701.0,ETR4,4,Light_4,Sargassum,Light,25.1
16.04.26,15:17:56,17,701.0,ETR5,5,Light_5,Hypnea,Light,
16.04.26,15:17:56,17,701.0,ETR6,6,Light_6,Cudiom,Light,
16.04.26,15:17:56,17,701.0,ETR7,7,Light_7,Padina,Light,38.1
16.04.26,15:17:56,17,701.0,ETR8,8,Light_8,Cistosera,Light,
16.04.26,15:17:56,17,701.0,ETR9,9,Light_9,Ulva,Light,14.3
16.04.26,15:17:56,17,701.0,ETR10,10,Light_10,Galaxaura,Light,
16.04.26,15:17:56,17,701.0,ETR11,11,Light_11,Dictyota,Light,23.0
16.04.26,15:17:56,17,701.0,ETR12,12,Light_12,Colpomenia,Light,
16.04.26,15:17:56,17,701.0,ETR13,13,Light_13,Ulva,Light,11.2
16.04.26,15:28:20,1,0.0,ETR1,1,Dark_1,Colpomenia,Dark,0.0
16.04.26,15:28:20,1,0.0,ETR2,2,Dark_2,Dictyota,Dark,0.0
16.04.26,15:28:20,1,0.0,ETR3,3,Dark_3,Sargassum,Dark,0.0
16.04.26,15:28:20,1,0.0,ETR4,4,Dark_4,Padina,Dark,0.0
16.04.26,15:28:20,1,0.0,ETR5,5,Dark_5,Jania,Dark,0.0
16.04.26,15:28:20,1,0.0,ETR6,6,Dark_6,Red UNK,Dark,0.0
16.04.26,15:28:20,1,0.0,ETR7,7,Dark_7,Ulva,Dark,0.0
16.04.26,15:28:20,1,0.0,ETR8,8,Dark_8,Galaxaura,Dark,0.0
16.04.26,15:30:02,2,1.0,ETR1,1,Dark_1,Colpomenia,Dark,0.3
16.04.26,15:30:02,2,1.0,ETR2,2,Dark_2,Dictyota,Dark,0.3
16.04.26,15:30:02,2,1.0,ETR3,3,Dark_3,Sargassum,Dark,0.3
16.04.26,15:30:02,2,1.0,ETR4,4,Dark_4,Padina,Dark,0.3
16.04.26,15:30:02,2,1.0,ETR5,5,Dark_5,Jania,Dark,0.1
16.04.26,15:30:02,2,1.0,ETR6,6,Dark_6,Red UNK,Dark,0.2
16.04.26,15:30:02,2,1.0,ETR7,7,Dark_7,Ulva,Dark,0.2
16.04.26,15:30:02,2,1.0,ETR8,8,Dark_8,Galaxaura,Dark,0.2
16.04.26,15:31:43,3,11.0,ETR1,1,Dark_1,Colpomenia,Dark,2.9
16.04.26,15:31:43,3,11.0,ETR2,2,Dark_2,Dictyota,Dark,2.8
16.04.26,15:31:43,3,11.0,ETR3,3,Dark_3,Sargassum,Dark,2.3
16.04.26,15:31:43,3,11.0,ETR4,4,Dark_4,Padina,Dark,2.5
16.04.26,15:31:43,3,11.0,ETR5,5,Dark_5,Jania,Dark,1.0
16.04.26,15:31:43,3,11.0,ETR6,6,Dark_6,Red UNK,Dark,2.0
16.04.26,15:31:43,3,11.0,ETR7,7,Dark_7,Ulva,Dark,1.9
16.04.26,15:31:43,3,11.0,ETR8,8,Dark_8,Galaxaura,Dark,2.1
16.04.26,15:33:23,4,21.0,ETR1,1,Dark_1,Colpomenia,Dark,5.0
16.04.26,15:33:23,4,21.0,ETR2,2,Dark_2,Dictyota,Dark,4.9
16.04.26,15:33:23,4,21.0,ETR3,3,Dark_3,Sargassum,Dark,3.6
16.04.26,15:33:23,4,21.0,ETR4,4,Dark_4,Padina,Dark,4.4
16.04.26,15:33:23,4,21.0,ETR5,5,Dark_5,Jania,Dark,1.7
16.04.26,15:33:23,4,21.0,ETR6,6,Dark_6,Red UNK,Dark,3.4
16.04.26,15:33:23,4,21.0,ETR7,7,Dark_7,Ulva,Dark,2.6
16.04.26,15:33:23,4,21.0,ETR8,8,Dark_8,Galaxaura,Dark,3.7
16.04.26,15:35:04,5,36.0,ETR1,1,Dark_1,Colpomenia,Dark,7.9
16.04.26,15:35:04,5,36.0,ETR2,2,Dark_2,Dictyota,Dark,7.3
16.04.26,15:35:04,5,36.0,ETR3,3,Dark_3,Sargassum,Dark,4.7
16.04.26,15:35:04,5,36.0,ETR4,4,Dark_4,Padina,Dark,7.4
16.04.26,15:35:04,5,36.0,ETR5,5,Dark_5,Jania,Dark,2.6
16.04.26,15:35:04,5,36.0,ETR6,6,Dark_6,Red UNK,Dark,5.1
16.04.26,15:35:04,5,36.0,ETR7,7,Dark_7,Ulva,Dark,3.8
16.04.26,15:35:04,5,36.0,ETR8,8,Dark_8,Galaxaura,Dark,5.6
16.04.26,15:36:45,6,56.0,ETR1,1,Dark_1,Colpomenia,Dark,11.4
16.04.26,15:36:45,6,56.0,ETR2,2,Dark_2,Dictyota,Dark,9.7
16.04.26,15:36:45,6,56.0,ETR3,3,Dark_3,Sargassum,Dark,5.6
16.04.26,15:36:45,6,56.0,ETR4,4,Dark_4,Padina,Dark,11.2
16.04.26,15:36:45,6,56.0,ETR5,5,Dark_5,Jania,Dark,3.6
16.04.26,15:36:45,6,56.0,ETR6,6,Dark_6,Red UNK,Dark,6.5
16.04.26,15:36:45,6,56.0,ETR7,7,Dark_7,Ulva,Dark,6.2
16.04.26,15:36:45,6,56.0,ETR8,8,Dark_8,Galaxaura,Dark,7.4
16.04.26,15:38:26,7,81.0,ETR1,1,Dark_1,Colpomenia,Dark,15.4
16.04.26,15:38:26,7,81.0,ETR2,2,Dark_2,Dictyota,Dark,12.0
16.04.26,15:38:26,7,81.0,ETR3,3,Dark_3,Sargassum,Dark,6.6
16.04.26,15:38:26,7,81.0,ETR4,4,Dark_4,Padina,Dark,15.7
16.04.26,15:38:26,7,81.0,ETR5,5,Dark_5,Jania,Dark,4.9
16.04.26,15:38:26,7,81.0,ETR6,6,Dark_6,Red UNK,Dark,7.7
16.04.26,15:38:26,7,81.0,ETR7,7,Dark_7,Ulva,Dark,9.3
16.04.26,15:38:26,7,81.0,ETR8,8,Dark_8,Galaxaura,Dark,9.5
16.04.26,15:40:06,8,111.0,ETR1,1,Dark_1,Colpomenia,Dark,19.2
16.04.26,15:40:06,8,111.0,ETR2,2,Dark_2,Dictyota,Dark,13.4
16.04.26,15:40:06,8,111.0,ETR3,3,Dark_3,Sargassum,Dark,6.9
16.04.26,15:40:06,8,111.0,ETR4,4,Dark_4,Padina,Dark,20.3
16.04.26,15:40:06,8,111.0,ETR5,5,Dark_5,Jania,Dark,5.7
16.04.26,15:40:06,8,111.0,ETR6,6,Dark_6,Red UNK,Dark,8.3
16.04.26,15:40:06,8,111.0,ETR7,7,Dark_7,Ulva,Dark,12.2
16.04.26,15:40:06,8,111.0,ETR8,8,Dark_8,Galaxaura,Dark,11.4
16.04.26,15:41:47,9,146.0,ETR1,1,Dark_1,Colpomenia,Dark,22.5
16.04.26,15:41:47,9,146.0,ETR2,2,Dark_2,Dictyota,Dark,14.4
16.04.26,15:41:47,9,146.0,ETR3,3,Dark_3,Sargassum,Dark,7.0
16.04.26,15:41:47,9,146.0,ETR4,4,Dark_4,Padina,Dark,24.1
16.04.26,15:41:47,9,146.0,ETR5,5,Dark_5,Jania,Dark,6.9
16.04.26,15:41:47,9,146.0,ETR6,6,Dark_6,Red UNK,Dark,8.0
16.04.26,15:41:47,9,146.0,ETR7,7,Dark_7,Ulva,Dark,12.8
16.04.26,15:41:47,9,146.0,ETR8,8,Dark_8,Galaxaura,Dark,12.7
16.04.26,15:43:28,10,186.0,ETR1,1,Dark_1,Colpomenia,Dark,25.5
16.04.26,15:43:28,10,186.0,ETR2,2,Dark_2,Dictyota,Dark,14.8
16.04.26,15:43:28,10,186.0,ETR3,3,Dark_3,Sargassum,Dark,6.9
16.04.26,15:43:28,10,186.0,ETR4,4,Dark_4,Padina,Dark,28.0
16.04.26,15:43:28,10,186.0,ETR5,5,Dark_5,Jania,Dark,6.8
16.04.26,15:43:28,10,186.0,ETR6,6,Dark_6,Red UNK,Dark,8.0
16.04.26,15:43:28,10,186.0,ETR7,7,Dark_7,Ulva,Dark,14.9
16.04.26,15:43:28,10,186.0,ETR8,8,Dark_8,Galaxaura,Dark,14.0
16.04.26,15:45:08,11,231.0,ETR1,1,Dark_1,Colpomenia,Dark,27.7
16.04.26,15:45:08,11,231.0,ETR2,2,Dark_2,Dictyota,Dark,14.5
16.04.26,15:45:08,11,231.0,ETR3,3,Dark_3,Sargassum,Dark,6.3
16.04.26,15:45:08,11,231.0,ETR4,4,Dark_4,Padina,Dark,31.4
16.04.26,15:45:08,11,231.0,ETR5,5,Dark_5,Jania,Dark,8.0
16.04.26,15:45:08,11,231.0,ETR6,6,Dark_6,Red UNK,Dark,7.9
16.04.26,15:45:08,11,231.0,ETR7,7,Dark_7,Ulva,Dark,15.9
16.04.26,15:45:08,11,231.0,ETR8,8,Dark_8,Galaxaura,Dark,15.1
16.04.26,15:46:49,12,281.0,ETR1,1,Dark_1,Colpomenia,Dark,30.6
16.04.26,15:46:49,12,281.0,ETR2,2,Dark_2,Dictyota,Dark,14.4
16.04.26,15:46:49,12,281.0,ETR3,3,Dark_3,Sargassum,Dark,5.9
16.04.26,15:46:49,12,281.0,ETR4,4,Dark_4,Padina,Dark,35.0
16.04.26,15:46:49,12,281.0,ETR5,5,Dark_5,Jania,Dark,8.3
16.04.26,15:46:49,12,281.0,ETR6,6,Dark_6,Red UNK,Dark,7.8
16.04.26,15:46:49,12,281.0,ETR7,7,Dark_7,Ulva,Dark,18.1
16.04.26,15:46:49,12,281.0,ETR8,8,Dark_8,Galaxaura,Dark,16.1
16.04.26,15:48:30,13,336.0,ETR1,1,Dark_1,Colpomenia,Dark,31.8
16.04.26,15:48:30,13,336.0,ETR2,2,Dark_2,Dictyota,Dark,13.1
16.04.26,15:48:30,13,336.0,ETR3,3,Dark_3,Sargassum,Dark,4.7
16.04.26,15:48:30,13,336.0,ETR4,4,Dark_4,Padina,Dark,37.0
16.04.26,15:48:30,13,336.0,ETR5,5,Dark_5,Jania,Dark,
16.04.26,15:48:30,13,336.0,ETR6,6,Dark_6,Red UNK,Dark,6.6
16.04.26,15:48:30,13,336.0,ETR7,7,Dark_7,Ulva,Dark,18.5
16.04.26,15:48:30,13,336.0,ETR8,8,Dark_8,Galaxaura,Dark,17.0
16.04.26,15:50:10,14,396.0,ETR1,1,Dark_1,Colpomenia,Dark,32.8
16.04.26,15:50:10,14,396.0,ETR2,2,Dark_2,Dictyota,Dark,11.5
16.04.26,15:50:10,14,396.0,ETR3,3,Dark_3,Sargassum,Dark,3.1
16.04.26,15:50:10,14,396.0,ETR4,4,Dark_4,Padina,Dark,37.9
16.04.26,15:50:10,14,396.0,ETR5,5,Dark_5,Jania,Dark,
16.04.26,15:50:10,14,396.0,ETR6,6,Dark_6,Red UNK,Dark,
16.04.26,15:50:10,14,396.0,ETR7,7,Dark_7,Ulva,Dark,17.6
16.04.26,15:50:10,14,396.0,ETR8,8,Dark_8,Galaxaura,Dark,17.2
16.04.26,15:51:51,15,461.0,ETR1,1,Dark_1,Colpomenia,Dark,31.8
16.04.26,15:51:51,15,461.0,ETR2,2,Dark_2,Dictyota,Dark,8.8
16.04.26,15:51:51,15,461.0,ETR3,3,Dark_3,Sargassum,Dark,
16.04.26,15:51:51,15,461.0,ETR4,4,Dark_4,Padina,Dark,36.6
16.04.26,15:51:51,15,461.0,ETR5,5,Dark_5,Jania,Dark,
16.04.26,15:51:51,15,461.0,ETR6,6,Dark_6,Red UNK,Dark,
16.04.26,15:51:51,15,461.0,ETR7,7,Dark_7,Ulva,Dark,14.7
16.04.26,15:51:51,15,461.0,ETR8,8,Dark_8,Galaxaura,Dark,16.9
16.04.26,15:53:32,16,531.0,ETR1,1,Dark_1,Colpomenia,Dark,31.5
16.04.26,15:53:32,16,531.0,ETR2,2,Dark_2,Dictyota,Dark,6.6
16.04.26,15:53:32,16,531.0,ETR3,3,Dark_3,Sargassum,Dark,
16.04.26,15:53:32,16,531.0,ETR4,4,Dark_4,Padina,Dark,35.8
16.04.26,15:53:32,16,531.0,ETR5,5,Dark_5,Jania,Dark,
16.04.26,15:53:32,16,531.0,ETR6,6,Dark_6,Red UNK,Dark,
16.04.26,15:53:32,16,531.0,ETR7,7,Dark_7,Ulva,Dark,13.7
16.04.26,15:53:32,16,531.0,ETR8,8,Dark_8,Galaxaura,Dark,15.7
16.04.26,15:55:12,17,701.0,ETR1,1,Dark_1,Colpomenia,Dark,26.5
16.04.26,15:55:12,17,701.0,ETR2,2,Dark_2,Dictyota,Dark,
16.04.26,15:55:12,17,701.0,ETR3,3,Dark_3,Sargassum,Dark,
16.04.26,15:55:12,17,701.0,ETR4,4,Dark_4,Padina,Dark,27.1
16.04.26,15:55:12,17,701.0,ETR5,5,Dark_5,Jania,Dark,
16.04.26,15:55:12,17,701.0,ETR6,6,Dark_6,Red UNK,Dark,
16.04.26,15:55:12,17,701.0,ETR7,7,Dark_7,Ulva,Dark,
16.04.26,15:55:12,17,701.0,ETR8,8,Dark_8,Galaxaura,Dark,9.9
